Workbook
Name 编制1: 签名!$A$1
Name 编制1日期: 签名!$A$2
Name 会签1: 签名!$A$5
Name 会签1日期: 签名!$A$6
Name 批准1: 签名!$A$7
Name 批准1日期: 签名!$A$8
Name 审核1: 签名!$A$3
Name 审核1日期: 签名!$A$4
Name 文件编号: 签名!$A$9

Sheet 签名
A1: 董肖君
A2: 46058
A3: 周振祥
A4: 46058
A5: 张玉顶-装配三厂
A6: 46060
A7: 方荣超
A8: 46060
A9: ZPBZ-XE27E.00II-A

Sheet sheet1
A2: 徐工挖掘机械有限公司 | S2: 产品型号 | Y2: XE27E.00II | AJ2: 车间 | AP2: 微挖线 | AY2: 工作中心 | BE2: Z10B041 | BQ2: 父项图号 | BW2: XE27E.13II.4
A3: 装配作业标准书 | S3: 产品名称 | Y3: 履带式液压挖掘机 | AJ3: 工位名称 | AP3: 发动机部装 | AY3: 工步 | BE3: 联轴器安装 | BQ3: 父项描述 | BW3: 发动机安装
AV4: 基准 | AW4: 基准 | AZ4: 工具/设备 | BB4: 工具 | BH4: 序号 | BJ4: 物料描述 | CH4: 数量
AW5: 8000Nm | BH5: 1 | BJ5: D1105-E4B-XCM-2 发动机（国四） | CH5: 1
BH6: 2 | BJ6: RJ-XGXW191008CB 联轴器 | CH6: 1
BH7: 3
BH8: 4
BH9: 5
BH10: 6
BH11: 7
BH12: 8
BH13: 9
BH14: 10
BH15: 11
BH16: 12
BH17: 13
BH18: 14
AV19: 步骤 | AY19: 作业内容 | BD19: 工作要领 | BV19: 控制 点 | CA19: 防漏措施 | CF19: 不合格 预测
AV20: 1 | AY20: 联轴器安装 | BD20: 按图示将联轴器安装到位，联轴器端面与发动机端面贴合（一体式） | BV20: 正 | CA20: / | CF20: 安装错误
AF26: 文件编号 | AW26: 编制（日期） | BG26: 审核（日期） | BQ26: 会签（日期） | CA26: 批准（日期）
AF27: =签名!A9 -> ZPBZ-XE27E.00II-A | AW27: =签名!$A$1 -> 董肖君 | BG27: =签名!$A$3 -> 周振祥 | BQ27: =签名!$A$5 -> 张玉顶-装配三厂 | CA27: =签名!$A$7 -> 方荣超
A28: 标记 | E28: 处数 | I28: 更改通知编号 | X28: 签字 | AW28: =签名!$A$2 -> 46058 | BG28: =签名!$A$4 -> 46058 | BQ28: =签名!$A$6 -> 46060 | CA28: =签名!$A$8 -> 46060

Sheet sheet2
A1: 徐工挖掘机械有限公司 | S1: 产品型号 | Y1: XE27E.00II | AJ1: 车间 | AP1: 微挖线 | AY1: 工作中心 | BE1: Z10B041 | BQ1: 父项图号 | BW1: XE27E.13II.4
A2: 装配作业标准书 | S2: 产品名称 | Y2: 履带式液压挖掘机 | AJ2: 工位名称 | AP2: 发动机部装 | AY2: 工步 | BE2: 安装支腿和油泵连接盘 | BQ2: 父项描述 | BW2: 发动机安装
AV3: 基准 | AW3: 基准 | AZ3: 工具/设备 | BB3: 工具 | BH3: 序号 | BJ3: 物料描述 | CH3: 数量
AV4: 49Nm | AZ4: S8定扭扳手 | BH4: 1 | BJ4: GB/T70.1-2008 螺钉 M10×1.25×35 10.9(镀蓝白锌) | CH4: 3
BH5: 2 | BJ5: XE27E.13.4-1 油泵连接盘 | CH5: 1
BH6: 3 | BJ6: XE27E.13.4-3 左前支腿 | CH6: 1
BH7: 4 | BJ7: XE27E.13.4-2 右前支腿 | CH7: 1
BH8: 5 | BJ8: GB/T5786-2000 螺栓 M10×1.25×25 10.9(久美特) | CH8: 16
BH9: 6 | BJ9: GB/T97.1-2002 垫圈 10 300HV(久美特) | CH9: 16
BH10: 7
BH11: 8
BH12: 9
BH13: 10
BH14: 11
BH15: 12
BH16: 13
BH17: 14
AV18: 步骤 | AY18: 作业内容 | BD18: 工作要领 | BV18: 控制 点 | CA18: 防漏措施 | CF18: 不合格 预测
AV19: 1 | AY19: 安装联轴器 | BD19: 按《发动机联轴器装配作业规范》用序1将联轴器固定，为防止飞轮盘跟转，使用专用工装固定 | BV19: 品 | CA19: 记号笔 | CF19: 漏紧
AV21: 2 | AY21: 安装连接盘 | BD21: 按照《T60 F 154 螺栓装配扭矩规范》用序5、6将序2安装在发动机上 | BV21: 品 | CA21: 记号笔 | CF21: 漏紧
AV22: 3 | AY22: 安装支腿 | BD22: 按照《T60 F 154 螺栓装配扭矩规范》用序6、7将序4、5安装在序1 | BV22: 品 | CA22: 记号笔 | CF22: 漏紧
AV23: 3 | AY23: 安装支腿 | BD23: 按照《T60 F 154 螺栓装配扭矩规范》用序5、6将序3、4安装在发动机上，支腿和发动机贴合面为油漆面，要求无油污 | BV23: 品 | CA23: 记号笔 | CF23: 漏紧
AF25: 文件编号 | AW25: 编制（日期） | BG25: 审核（日期） | BQ25: 会签（日期） | CA25: 批准（日期）
AF26: =签名!A9 -> ZPBZ-XE27E.00II-A | AW26: =签名!$A$1 -> 董肖君 | BG26: =签名!$A$3 -> 周振祥 | BQ26: =签名!$A$5 -> 张玉顶-装配三厂 | CA26: =签名!$A$7 -> 方荣超
A27: 标记 | E27: 处数 | I27: 更改通知编号 | X27: 签字 | AW27: =签名!$A$2 -> 46058 | BG27: =签名!$A$4 -> 46058 | BQ27: =签名!$A$6 -> 46060 | CA27: =签名!$A$8 -> 46060

Sheet sheet3
A1: 徐工挖掘机械有限公司 | S1: 产品型号 | Y1: XE27E.00II | AJ1: 车间 | AP1: 微挖线 | AY1: 工作中心 | BE1: Z10B041 | BQ1: 父项图号 | BW1: XE27E.13II.4
A2: 装配作业标准书 | S2: 产品名称 | Y2: 履带式液压挖掘机 | AJ2: 工位名称 | AP2: 发动机部装 | AY2: 工步 | BE2: 安装涨紧架 | BQ2: 父项描述 | BW2: 发动机安装
AV3: 基准 | AW3: 基准 | AZ3: 工具/设备 | BB3: 工具 | BH3: 序号 | BJ3: 物料描述 | CH3: 数量
AW4: 8000Nm | BH4: 1 | BJ4: D1105-E4B-XCM-2 发动机（国四） | CH4: /
BH5: 2 | BJ5: XE27E.13.4.3 发电机涨紧架 | CH5: 1
BH6: 3 | BJ6: GB/T5783-2000 螺栓 M6×16(镀蓝白锌) | CH6: 1
BH7: 4 | BJ7: GB/T96.1-2002 垫圈 6(镀蓝白锌) | CH7: 2
BH8: 5 | BJ8: GB/T5783-2000 螺栓 M8×30 10.9(镀蓝白锌) | CH8: 1
BH9: 6 | BJ9: GB/T96.1-2002 垫圈 8 300HV(镀蓝白锌) | CH9: 1
BH10: 7 | BJ10: GB/T5783-2000 螺栓 M6×55(镀蓝白锌) | CH10: 1
BH11: 8 | BJ11: XE27E.13.4-5 垫片 | CH11: 1
BH12: 9
BH13: 10
BH14: 11
BH15: 12
BH16: 13
BH17: 14
AV18: 步骤 | AY18: 作业内容 | BD18: 工作要领 | BV18: 控制 点 | CA18: 防漏措施 | CF18: 不合格 预测
AV19: 1 | AY19: 安装涨紧架 | BD19: 拆掉风扇、原有支架，按照《T60 F 154 螺栓装配扭矩规范》用序3-8将序2安装在序1上，然后复原风扇和支架,皮带涨紧力200-300Nm | BV19: 品 | CA19: 记号笔 | CF19: 漏紧
AF25: 文件编号 | AW25: 编制（日期） | BG25: 审核（日期） | BQ25: 会签（日期） | CA25: 批准（日期）
AF26: =签名!A9 -> ZPBZ-XE27E.00II-A | AW26: =签名!$A$1 -> 董肖君 | BG26: =签名!$A$3 -> 周振祥 | BQ26: =签名!$A$5 -> 张玉顶-装配三厂 | CA26: =签名!$A$7 -> 方荣超
A27: 标记 | E27: 处数 | I27: 更改通知编号 | X27: 签字 | AW27: =签名!$A$2 -> 46058 | BG27: =签名!$A$4 -> 46058 | BQ27: =签名!$A$6 -> 46060 | CA27: =签名!$A$8 -> 46060
